{
  "switch_type": "nmos_dummy",
  "fch_hz": 2000.0,
  "parasitics": {
    "cgs_f": 5e-14,
    "cgd_f": 5e-14,
    "cp1_f": 5e-14,
    "cp2_f": 5e-14
  },
  "ron": {
    "ron_min_ohm": 3571.4285714285716,
    "ron_max_ohm": 1225000.0000000184,
    "ron_at_vcm_ohm": 9645.669291338585,
    "linearity_error_pct": 610714.2857142949
  },
  "noise": {
    "flicker_corner_hz": 15.089521908416502,
    "noise_at_1hz_v_per_sqrt_hz": 5.163020317604803e-08
  },
  "charge_injection": {
    "q_inj_coulomb": 4.5000000000000004e-14,
    "v_inj_v": 0.042857142857142864,
    "dummy_reduction_pct": 50.0
  },
  "clock_feedthrough": {
    "v_feedthrough_v": 0.0782608695652174,
    "attenuation_db": -27.234556720351858
  }
}