{
  "switch_type": "nmos",
  "fch_hz": 2000.0,
  "parasitics": {
    "cgs_f": 2.5e-14,
    "cgd_f": 2.5e-14,
    "cp1_f": 2.5e-14,
    "cp2_f": 2.5e-14
  },
  "engine": "python",
  "ron_source": "python",
  "ron": {
    "ron_min_ohm": 3571.4285714285716,
    "ron_max_ohm": 1225000.0000000184,
    "ron_at_vcm_ohm": 9645.669291338585,
    "linearity_error_pct": 610714.2857142949
  },
  "noise_source": "python",
  "noise": {
    "flicker_corner_hz": 15.089521908416502,
    "noise_at_1hz_v_per_sqrt_hz": 5.163020317604803e-08
  },
  "parasitics_source": "python",
  "charge_injection": {
    "q_inj_coulomb": 9.000000000000001e-14,
    "v_inj_v": 0.08571428571428573,
    "dummy_reduction_pct": 0.0
  },
  "clock_feedthrough": {
    "v_feedthrough_v": 0.041860465116279076,
    "attenuation_db": -32.66936911159173
  }
}