{
  "switch_type": "pmos",
  "fch_hz": 2000.0,
  "parasitics": {
    "cgs_f": 2.5e-14,
    "cgd_f": 2.5e-14,
    "cp1_f": 2.5e-14,
    "cp2_f": 2.5e-14
  },
  "ron": {
    "ron_min_ohm": 4886.46943,
    "ron_max_ohm": 1633333.33,
    "ron_at_vcm_ohm": 13841.8079,
    "linearity_error_pct": 814223.430285
  },
  "noise": {
    "flicker_corner_hz": NaN,
    "noise_at_1hz_v_per_sqrt_hz": 5.0000000000000004e-08
  },
  "charge_injection": {
    "q_inj_coulomb": 9.000000000000001e-14,
    "v_inj_v": 0.08571428571428573,
    "dummy_reduction_pct": 0.0
  },
  "clock_feedthrough": {
    "v_feedthrough_v": 0.041860465116279076,
    "attenuation_db": -32.66936911159173
  }
}